URL,TITLE,DESCRIPTION,IMAGES
https://www.musashino-u.ac.jp/,武蔵野大学,,
https://www.musashino-u.ac.jp/access.html,交通アクセス | 武蔵野大学,,
https://www.musashino-u.ac.jp/admission/request.html,資料請求 | 入試情報 | 武蔵野大学,,
https://www.musashino-u.ac.jp/contact.html,お問い合わせ | 武蔵野大学,,
https://www.musashino-u.ac.jp/prospective-students.html,武蔵野大学で学びたい方 | 武蔵野大学,,
https://www.musashino-u.ac.jp/students.html,在学生の方 | 武蔵野大学,,
https://www.musashino-u.ac.jp/alumni.html,卒業生の方 | 武蔵野大学,,
https://www.musashino-u.ac.jp/parents.html,保護者の方 | 武蔵野大学,,
https://www.musashino-u.ac.jp/business.html,企業・研究者の方 | 武蔵野大学,,
https://www.musashino-u.ac.jp/guide/,大学案内 | 武蔵野大学,,
https://www.musashino-u.ac.jp/guide/profile/,大学紹介 | 大学案内 | 武蔵野大学,,
https://www.musashino-u.ac.jp/guide/activities/,大学の取り組み | 大学案内 | 武蔵野大学,,
https://www.musashino-u.ac.jp/guide/campus/,キャンパス | 大学案内 | 武蔵野大学,,
https://www.musashino-u.ac.jp/guide/facility/,附置機関・センター・附属施設 | 大学案内 | 武蔵野大学,,
https://www.musashino-u.ac.jp/guide/information/,情報公開 | 大学案内 | 武蔵野大学,,
https://www.musashino-u.ac.jp/guide/profile/media/,メディア | 大学案内 | 武蔵野大学,,
https://www.musashino-u.ac.jp/admission/,入試情報 | 武蔵野大学,,
https://www.musashino-u.ac.jp/admission/faculty/,学部 入試情報 | 入試情報 | 武蔵野大学,,
https://www.musashino-u.ac.jp/admission/international_students/,留学生 入試情報 | 入試情報 | 武蔵野大学,,
https://www.musashino-u.ac.jp/admission/graduate_school/,大学院 入試情報 | 入試情報 | 武蔵野大学,,
https://www.musashino-u.ac.jp/admission/advanced_course/,専攻科 入試情報 | 入試情報 | 武蔵野大学,,
https://www.musashino-u.ac.jp/admission/short_term_course/,別科 | 入試情報 | 武蔵野大学,,
https://www.musashino-u.ac.jp/admission/event/,入試イベント | 入試情報 | 武蔵野大学,,
https://www.musashino-u.ac.jp/admission/faq/,入試Q＆A | 入試情報 | 武蔵野大学,,
https://www.musashino-u.ac.jp/admission/download/,入学試験要項・出願書類 | 入試情報 | 武蔵野大学,,
https://www.musashino-u.ac.jp/basic/,教育の特長 | 武蔵野大学,,
https://www.musashino-u.ac.jp/basic/purpose.html,教育研究上の目的 | 武蔵野大学,,
https://www.musashino-u.ac.jp/basic/policies/,３つの教育方針とアセスメント・ポリシー | 武蔵野大学,,
https://www.musashino-u.ac.jp/basic/learning_cycle.html,響学スパイラル | 武蔵野大学,,
https://www.musashino-u.ac.jp/basic/initial/,武蔵野INITIAL | 武蔵野大学,,
https://www.musashino-u.ac.jp/basic/endowment_course.html,寄付講座 | 武蔵野大学,,
https://www.musashino-u.ac.jp/basic/consortium.html,武蔵野地域５大学／放送大学単位互換 | 武蔵野大学,,
https://www.musashino-u.ac.jp/basic/generation_ai/index.html,生成AIの活用に関する注意事項 | 武蔵野大学,,
https://www.musashino-u.ac.jp/academics/,学部・大学院 | 武蔵野大学,,
https://www.musashino-u.ac.jp/academics/faculty/,学部 | 学部・大学院 | 武蔵野大学,,
https://www.musashino-u.ac.jp/academics/graduate_school/,大学院 | 学部・大学院 | 武蔵野大学,,
https://www.musashino-u.ac.jp/academics/advanced_course/,言語聴覚士養成課程（専攻科） | 学部・大学院 | 武蔵野大学,,
https://www.musashino-u.ac.jp/academics/special_course/,別科 | 学部・大学院 | 武蔵野大学,,
https://www.musashino-u.ac.jp/academics/Lifelong_learning/,生涯学習・科目等履修制度 | 学部・大学院 | 武蔵野大学,,
https://www.musashino-u.ac.jp/academics/teachers_license/,教職課程・国家資格 | 学部・大学院 | 武蔵野大学,,
https://www.musashino-u.ac.jp/research/,研究 | 武蔵野大学,,
https://www.musashino-u.ac.jp/research/laboratory/,研究所・研究室・センター | 研究 | 武蔵野大学,,
https://www.musashino-u.ac.jp/research/kakenhi/,科学研究費助成事業 | 研究 | 武蔵野大学,,
https://www.musashino-u.ac.jp/research/cooperation/,産官学連携・研究推進センター紹介 | 研究 | 武蔵野大学,,
https://www.musashino-u.ac.jp/research/ethics/,研究倫理教育 | 研究 | 武蔵野大学,,
https://www.musashino-u.ac.jp/research/interview/,学問の地平から | 武蔵野大学,,
https://www.musashino-u.ac.jp/research/alignment/collaborativeresearch.html,連携研究の取り組み | 研究 | 武蔵野大学,,
https://www.musashino-u.ac.jp/international/,国際交流・留学 | 武蔵野大学,,
https://www.musashino-u.ac.jp/international/international-center/,еӣҪйҡӣгӮ»гғігӮҝгғјгҒ«гҒӨгҒ„гҒҰ | еӣҪйҡӣдәӨжөҒгғ»з•ҷеӯҰ | жӯҰи”өйҮҺеӨ§еӯҰ,,
https://www.musashino-u.ac.jp/international/study-abroad/,武蔵野大学から世界へ | 国際交流・留学 | 武蔵野大学,,
https://www.musashino-u.ac.jp/international/international-students/,武蔵野大学への留学 | 国際交流・留学 | 武蔵野大学,,
https://www.musashino-u.ac.jp/international/events/,国際交流イベント | 国際交流・留学 | 武蔵野大学,,
https://www.musashino-u.ac.jp/international/research_results/,受入教員研究成果 | 国際交流・留学 | 武蔵野大学,,
https://www.musashino-u.ac.jp/international/gc_portal/,全員留学ポータルサイト | 武蔵野大学,,
https://www.musashino-u.ac.jp/student-life/,学生生活・就職 | 武蔵野大学,,
https://www.musashino-u.ac.jp/student-life/learning/,学びのサポート | 学生生活・就職 | 武蔵野大学,,
https://www.musashino-u.ac.jp/student-life/life/,生活サポート | 学生生活・就職 | 武蔵野大学,,
https://www.musashino-u.ac.jp/student-life/application/,申請・届出 | 学生生活・就職 | 武蔵野大学,,
https://www.musashino-u.ac.jp/student-life/fees/,学費・奨学金 | 学生生活・就職 | 武蔵野大学,,
https://www.musashino-u.ac.jp/student-life/campus_life/,キャンパスライフ | 学生生活・就職 | 武蔵野大学,,
https://www.musashino-u.ac.jp/student-life/career/,就職・キャリア支援 | 学生生活・就職 | 武蔵野大学,,
https://www.musashino-u.ac.jp/student-life/tool/,TOOLS | 学生生活・就職 | 武蔵野大学,,
https://www.musashino-u.ac.jp/news/detail/20251029-7380.html,2026年度に通信教育部国際データサイエンス学部を開設します | ニュース | 武蔵野大学,,
https://www.musashino-u.ac.jp/news/detail/20250701-6913.html,2026年度にウェルビーイング研究科を開設します | ニュース | 武蔵野大学,,
https://www.musashino-u.ac.jp/guide/profile/message.html,学長就任のごあいさつ | 大学案内 | 武蔵野大学,,
https://www.musashino-u.ac.jp/admission/faculty/event/oc/,OPEN CAMPUS｜武蔵野大学,,
https://www.musashino-u.ac.jp/basic/buddhist_studies/,副専攻（仏教プラクティスコース） | 武蔵野大学,,
https://www.musashino-u.ac.jp/guide/facility/MUSIC_center/submajor_aiexpert.html,副専攻（AI活用エキスパートコース） | 大学案内 | 武蔵野大学,,
https://www.musashino-u.ac.jp/academics/faculty/well-being/well-being/,ウェルビーイング学科 | 学部・大学院 | 武蔵野大学,,
https://www.musashino-u.ac.jp/enverse/,縁バースキャンパス | 武蔵野大学,,
https://www.musashino-u.ac.jp/admission/student_support_site/,武蔵野大学 | 受験生情報サイト,,
https://www.musashino-u.ac.jp/guide/profile/infographic.html,数字で見る武蔵野大学 | 大学案内 | 武蔵野大学,,
https://www.musashino-u.ac.jp/guide/profile/history.html,武蔵野大学の歩み | 大学案内 | 武蔵野大学,,
https://www.musashino-u.ac.jp/international/study-abroad/index.html,武蔵野大学から世界へ | 国際交流・留学 | 武蔵野大学,,
https://www.musashino-u.ac.jp/basic/initial/fs/index.html,フィールド・スタディーズ | 武蔵野大学,,
https://www.musashino-u.ac.jp/happiness_creators/,輝け！武蔵野大生 Happiness Creators 一覧 | 武蔵野大学,,
https://www.musashino-u.ac.jp/happiness_creators/no030.html,書道で人をつなぐ | 武蔵野大学,,
https://www.musashino-u.ac.jp/happiness_creators/no029.html,"年間2万頭の「流通中死亡」をなくしたい。SNSと心に寄り添うサポートで繋ぐ,新しい家族のかたち | 武蔵野大学",,
https://www.musashino-u.ac.jp/happiness_creators/no028.html,介護見守りをPepper君で-安心と楽しい時間を- | 武蔵野大学,,
https://www.musashino-u.ac.jp/happiness_creators/no027.html,コンポストでキャンパスと地域の資源循環を実現 | 武蔵野大学,,
https://www.musashino-u.ac.jp/happiness_creators/no026.html,国際協力で国をつなぐ架け橋に―カレン族の村での活動と大使館での経験 | 武蔵野大学,,
https://www.musashino-u.ac.jp/happiness_creators/no025.html,5歳だった私はいま―３.11の支援を次の支援へ | 武蔵野大学,,
https://www.musashino-u.ac.jp/news/detail/20251107-7396.html,参加学生の満足度100％！ ─卒業生座談会「社会人のリアルを知ろう！」を開催しました─ | ニュース | 武蔵野大学,,
https://www.musashino-u.ac.jp/news/detail/20251105-7385.html,留学をもっと身近に！「武蔵野大学2025秋の留学フェア」を開催しました | ニュース | 武蔵野大学,,
https://www.musashino-u.ac.jp/news/detail/20251104-7308.html,空き家再生をテーマにした絵本が都市再生機構理事長賞を受賞 建築デザイン学科4年野中菫さんが制作 | ニュース | 武蔵野大学,,
https://www.musashino-u.ac.jp/news/detail/20251030-7383.html,本学公認クラブ「和太鼓 隼」と「武蔵野大学ウインドアンサンブル」がゆりかもめ30周年記念車両基地公開イベントに出演 | ニュース | 武蔵野大学,,
https://www.musashino-u.ac.jp/news/detail/20251029-7375.html,"監査法人での業務やAI・ITとのかかわり方を学ぶ ―会計ガバナンス学科にて,公認会計士の梶原 大輔先生による特別講演を実施しました― | ニュース | 武蔵野大学",,
https://www.musashino-u.ac.jp/times/,Musashino TIMES | 武蔵野大学,,
https://www.musashino-u.ac.jp/event/detail/20251011-7316.html,"この秋,武蔵野スクエアが面白い ─縁バースキャンパスで芸術祭はじまる！─ | イベント | 武蔵野大学",,
https://www.musashino-u.ac.jp/research/laboratory/mathematical_engineering/seminar_symposium.html,数理工学センター MCMEセミナー 数理工学シンポジウム | 研究 | 武蔵野大学,,
https://www.musashino-u.ac.jp/event/detail/20251112-7302.html,第６回経営研究所シンポジウム「AI時代に創る未来のキャリア 起業とEXITのリアル」 | イベント | 武蔵野大学,,
https://www.musashino-u.ac.jp/event/,イベント | 武蔵野大学,,
https://www.musashino-u.ac.jp/news/detail/20251107-7391.html,令和７年度後期葛西国際寮 寮長・副寮長の任命式を行いました | ニュース | 武蔵野大学,,
https://www.musashino-u.ac.jp/admission/download/faculty.html,学部入試　入学試験要項・出願書類 | 入試情報 | 武蔵野大学,,
https://www.musashino-u.ac.jp/news/,ニュース | 武蔵野大学,,
https://www.musashino-u.ac.jp/ariake/,交通アクセス 有明キャンパス | 武蔵野大学,,
https://www.musashino-u.ac.jp/musashino/,交通アクセス 武蔵野キャンパス | 武蔵野大学,,
https://www.musashino-u.ac.jp/academics/basic/,教育の特長 | 武蔵野大学,,
https://www.musashino-u.ac.jp/guide/activities/privacypolicy.html,個人情報保護方針 | 大学案内 | 武蔵野大学,,
https://www.musashino-u.ac.jp/accesibility-and-copyright.html,このサイトについて | 武蔵野大学,,
https://www.musashino-u.ac.jp/ariake/index.html,交通アクセス 有明キャンパス | 武蔵野大学,,
https://www.musashino-u.ac.jp/guide/campus/ariake_campus.html,有明キャンパス | 大学案内 | 武蔵野大学,,
https://www.musashino-u.ac.jp/admission/event/campus_tour.html,キャンパス見学（個人・団体）・Web入試相談 | 入試情報 | 武蔵野大学,,
https://www.musashino-u.ac.jp/ariake/area_info.html,宿泊施設 有明キャンパス | 武蔵野大学,,
https://www.musashino-u.ac.jp/musashino/index.html,交通アクセス 武蔵野キャンパス | 武蔵野大学,,
https://www.musashino-u.ac.jp/guide/campus/musashino_campus.html,武蔵野キャンパス | 大学案内 | 武蔵野大学,,
https://www.musashino-u.ac.jp/musashino/area_info.html,宿泊施設 武蔵野キャンパス | 武蔵野大学,,
https://www.musashino-u.ac.jp/satellite_mitaka.html,三鷹サテライト教室 | 武蔵野大学,,
https://www.musashino-u.ac.jp/admission/download/index.html,入学試験要項・出願書類 | 入試情報 | 武蔵野大学,,
https://www.musashino-u.ac.jp/admission/download/international_students.html,留学生入試 | 入試情報 | 武蔵野大学,,
https://www.musashino-u.ac.jp/admission/download/graduate_school.html,大学院・専攻科入試 | 入試情報 | 武蔵野大学,,
https://www.musashino-u.ac.jp/admission/advanced_course/slht.html,言語聴覚士養成課程（専攻科）入試 | 入試情報 | 武蔵野大学,,
https://www.musashino-u.ac.jp/admission/faculty/schedule.html,入試日程 | 入試情報 | 武蔵野大学,,
https://www.musashino-u.ac.jp/admission/faculty/detail/,入試制度 | 入試情報 | 武蔵野大学,,
https://www.musashino-u.ac.jp/admission/faculty/detail/faculty.html,学部から調べる | 入試情報 | 武蔵野大学,,
https://www.musashino-u.ac.jp/admission/faculty/point/,入試のポイント | 入試情報 | 武蔵野大学,,
https://www.musashino-u.ac.jp/admission/faculty/net.html,インターネット出願 | 入試情報 | 武蔵野大学,,
https://www.musashino-u.ac.jp/admission/faculty/examinee.html,志願者速報 | 入試情報 | 武蔵野大学,,
https://www.musashino-u.ac.jp/admission/faculty/announcement.html,合格発表 | 入試情報 | 武蔵野大学,,
https://www.musashino-u.ac.jp/admission/faculty/result.html,入試結果 | 入試情報 | 武蔵野大学,,
https://www.musashino-u.ac.jp/admission/faculty/pastpapers.html,過去問題　 | 入試情報 | 武蔵野大学,,
https://www.musashino-u.ac.jp/admission/faculty/correct_answer.html,入学試験 解答　 | 入試情報 | 武蔵野大学,,
https://www.musashino-u.ac.jp/admission/faculty/hs_code.html,高等学校等コード表 | 入試情報 | 武蔵野大学,,
https://www.musashino-u.ac.jp/admission/faculty/policies.html,アドミッション・ポリシー | 入試情報 | 武蔵野大学,,
https://www.musashino-u.ac.jp/admission/faculty/event/weboc/,武蔵野大学 | Webオープンキャンパス,,
https://www.musashino-u.ac.jp/admission/international_students/global_studies.html,留学生入試 グローバル学部 | 入試情報 | 武蔵野大学,,
https://www.musashino-u.ac.jp/admission/international_students/other_studies.html,留学生入試 グローバル学部以外 | 入試情報 | 武蔵野大学,,
https://www.musashino-u.ac.jp/admission/international_students/result.html,入試結果 | 入試情報 | 武蔵野大学,,
https://www.musashino-u.ac.jp/admission/graduate_school/schedule01.html,入試日程　修士課程 | 入試情報 | 武蔵野大学,,
https://www.musashino-u.ac.jp/admission/graduate_school/schedule02.html,入試日程　博士後期課程 | 入試情報 | 武蔵野大学,,
https://www.musashino-u.ac.jp/admission/graduate_school/selection.html,学内推薦 | 入試情報 | 武蔵野大学,,
https://www.musashino-u.ac.jp/admission/graduate_school/announcement.html,合格発表 | 入試情報 | 武蔵野大学,,
https://www.musashino-u.ac.jp/admission/graduate_school/result.html,入試結果 | 入試情報 | 武蔵野大学,,
https://www.musashino-u.ac.jp/admission/graduate_school/pastpapers.html,過去問題 | 入試情報 | 武蔵野大学,,
https://www.musashino-u.ac.jp/admission/graduate_school/net.html,大学院・専攻科　インターネット出願 | 入試情報 | 武蔵野大学,,
https://www.musashino-u.ac.jp/admission/graduate_school/policies.html,アドミッション・ポリシー | 入試情報 | 武蔵野大学,,
https://www.musashino-u.ac.jp/admission/event/event_calendar.html,入試イベントカレンダー | 入試情報 | 武蔵野大学,,
https://www.musashino-u.ac.jp/admission/event/graduate_counseling.html,大学院・専攻科相談会  | 入試情報 | 武蔵野大学,,
https://www.musashino-u.ac.jp/admission/event/teacher_advice_session.html,高校教員の皆さま | 入試情報 | 武蔵野大学,,
https://www.musashino-u.ac.jp/student-life/career/qualification/qualification.html,目指せる資格・免許一覧 | 学生生活・就職 | 武蔵野大学,,
https://www.musashino-u.ac.jp/research/interview/index.html,学問の地平から | 武蔵野大学,,
https://www.musashino-u.ac.jp/student-life/fees/fees/,学費 | 学生生活・就職 | 武蔵野大学,,
https://www.musashino-u.ac.jp/student-life/fees/scholarship/index.html,奨学金 | 学生生活・就職 | 武蔵野大学,,
https://www.musashino-u.ac.jp/academics/Lifelong_learning/credited_auditor/,科目等履修生制度 | 学部・大学院 | 武蔵野大学,,
https://www.musashino-u.ac.jp/admission/faculty/event/weboc/pamphlet.html,武蔵野大学 | Webオープンキャンパス | デジタルパンフレット,,
https://www.musashino-u.ac.jp/academics/graduate_school/course/,大学院 | 学部・大学院 | 武蔵野大学,,
https://www.musashino-u.ac.jp/student-life/fees/fees/graduate_school.html,学費（大学院） | 学生生活・就職 | 武蔵野大学,,
https://www.musashino-u.ac.jp/link/muscat.html,武蔵野大学 MUSCAT,,
https://www.musashino-u.ac.jp/student-life/campus_life/calendar.html,学年暦 | 学生生活・就職 | 武蔵野大学,,
https://www.musashino-u.ac.jp/student-life/tool/information.html,履修案内 | 学生生活・就職 | 武蔵野大学,,
https://www.musashino-u.ac.jp/student-life/fees/index.html,学費・奨学金 | 学生生活・就職 | 武蔵野大学,,
https://www.musashino-u.ac.jp/student-life/muscat/index.html,学生生活ハンドブック | 学生生活・就職 | 武蔵野大学,,
https://www.musashino-u.ac.jp/student-life/learning/info_tech/index.html,学内IT・ネットワーク環境情報 | 学生生活・就職 | 武蔵野大学,,
https://www.musashino-u.ac.jp/library/,武蔵野大学図書館,,
https://www.musashino-u.ac.jp/student-life/muscat/volunteer/index.html,ボランティア（活動） | 学生生活・就職 | 武蔵野大学,,
https://www.musashino-u.ac.jp/student-life/application/certificate/graduates.html,【通学制】卒業生　証明書等発行 | 学生生活・就職 | 武蔵野大学,,
https://www.musashino-u.ac.jp/guide/musashino-u/contribution.html,ご寄付のお願い | 学校法人武蔵野大学,,
http://www.musashino-u.ac.jp/index.html,武蔵野大学,,
https://www.musashino-u.ac.jp/kouenkai/,武蔵野大学後援会 | 武蔵野大学,,
https://www.musashino-u.ac.jp/media.html,取材・ロケ撮影をお考えの方 | 武蔵野大学,,
https://www.musashino-u.ac.jp/student-life/career/offers.html,採用ご担当の方へ | 学生生活・就職 | 武蔵野大学,,
https://www.musashino-u.ac.jp/guide/profile/mission.html,建学の精神 | 大学案内 | 武蔵野大学,,
https://www.musashino-u.ac.jp/guide/profile/spirit.html,学祖 高楠順次郎博士 | 大学案内 | 武蔵野大学,,
https://www.musashino-u.ac.jp/guide/profile/message/,武蔵野大学式辞集 | 大学案内 | 武蔵野大学,,
https://www.musashino-u.ac.jp/guide/profile/brand/,武蔵野大学のブランド | 大学案内 | 武蔵野大学,,
https://www.musashino-u.ac.jp/guide/profile/schoolsong.html,大学校歌 | 大学案内 | 武蔵野大学,,
https://www.musashino-u.ac.jp/guide/activities/conduct.html,学校法人武蔵野大学 行動規範 | 大学案内 | 武蔵野大学,,
https://www.musashino-u.ac.jp/guide/activities/mu2050vision.html,武蔵野大学2050VISION | 大学案内 | 武蔵野大学,,
https://www.musashino-u.ac.jp/guide/activities/vision100.html,武蔵野大学グローバルビジョン | 大学案内 | 武蔵野大学,,
https://www.musashino-u.ac.jp/guide/activities/SDGs.html,武蔵野大学SDGs実行宣言 | 大学案内 | 武蔵野大学,,
https://www.musashino-u.ac.jp/harassment/,ハラスメント防止・対策 | 武蔵野大学,,
https://www.musashino-u.ac.jp/guide/activities/industry/,産官学・社会との連携 | 大学案内 | 武蔵野大学,,
https://www.musashino-u.ac.jp/guide/activities/fd.html,FD活動 | 大学案内 | 武蔵野大学,,
https://www.musashino-u.ac.jp/guide/information/inspection.html,自己点検・評価 | 大学案内 | 武蔵野大学,,
https://www.musashino-u.ac.jp/research/ethics/funds_guideline.html,公的研究費の適正使用 | 研究 | 武蔵野大学,,
https://www.musashino-u.ac.jp/guide/activities/gdpr_privacypolicy.html,GDPRに関する個人情報保護方針 | 大学案内 | 武蔵野大学,,
https://www.musashino-u.ac.jp/guide/profile/media/media.html,メディア出演・掲載情報 | 大学案内 | 武蔵野大学,,
https://www.musashino-u.ac.jp/guide/profile/media/social_media.html,ソーシャルメディア公式アカウント一覧 | 大学案内 | 武蔵野大学,,
https://www.musashino-u.ac.jp/guide/profile/media/index.html,メディア | 大学案内 | 武蔵野大学,,
https://www.musashino-u.ac.jp/guide/facility/physical_education_center.html,学院体育センター | 大学案内 | 武蔵野大学,,
https://www.musashino-u.ac.jp/guide/facility/healthcare.html,健康管理センター | 大学案内 | 武蔵野大学,,
https://www.musashino-u.ac.jp/guide/facility/MUSIC_center/,武蔵野大学スマートインテリジェンスセンター(MUSIC) | 大学案内 | 武蔵野大学,,
https://www.musashino-u.ac.jp/guide/facility/off-campus_learning_office.html,学外学修推進センター | 大学案内 | 武蔵野大学,,
https://www.musashino-u.ac.jp/guide/facility/volunteer.html,武蔵野大学ボランティアセンター | 大学案内 | 武蔵野大学,,
https://www.musashino-u.ac.jp/guide/facility/laungage_center/index.html,武蔵野大学ランゲージセンター | 大学案内 | 武蔵野大学,,
https://www.musashino-u.ac.jp/guide/activities/industry/partnership_agreement.html,連携協定一覧 | 大学案内 | 武蔵野大学,,
https://www.musashino-u.ac.jp/guide/information/figure.html,教育研究上の基本組織 | 大学案内 | 武蔵野大学,,
https://www.musashino-u.ac.jp/guide/information/editorial_policy.html,教員組織の編制方針 | 大学案内 | 武蔵野大学,,
https://www.musashino-u.ac.jp/guide/information/professor_profile.html,"教員組織,教員数,並びに各教員が有する学位及び業績 | 大学案内 | 武蔵野大学",,
https://www.musashino-u.ac.jp/guide/information/degree.html,取得可能学位 | 大学案内 | 武蔵野大学,,
https://www.musashino-u.ac.jp/guide/information/adjustment_policy.html,教育研究等環境の整備についての方針 | 大学案内 | 武蔵野大学,,
https://www.musashino-u.ac.jp/guide/information/taishin.html,校舎等の耐震化率 | 大学案内 | 武蔵野大学,,
https://www.musashino-u.ac.jp/guide/information/support_policy.html,学生支援に関する方針 | 大学案内 | 武蔵野大学,,
https://www.musashino-u.ac.jp/guide/information/open_access.html,武蔵野大学オープンアクセス方針 | 大学案内 | 武蔵野大学,,
https://www.musashino-u.ac.jp/guide/information/situation.html,認可申請書及び届出書並びに設置計画履行状況報告書 | 大学案内 | 武蔵野大学,,
https://www.musashino-u.ac.jp/guide/information/finance.html,学校法人会計について | 大学案内 | 武蔵野大学,,
https://www.musashino-u.ac.jp/guide/information/finance_reading.html,財産目録等の閲覧について | 大学案内 | 武蔵野大学,,
https://www.musashino-u.ac.jp/guide/information/quality_policy.html,武蔵野大学における内部質保証の方針及び手続き | 大学案内 | 武蔵野大学,,
https://www.musashino-u.ac.jp/guide/information/iraction.html,教学IR活動 | 大学案内 | 武蔵野大学,,
https://www.musashino-u.ac.jp/guide/information/evaluation.html,授業リフレクション | 大学案内 | 武蔵野大学,,
https://www.musashino-u.ac.jp/guide/information/accredited.html,第三者評価 | 大学案内 | 武蔵野大学,,
https://www.musashino-u.ac.jp/guide/information/surveys.html,各種アンケート結果 | 大学案内 | 武蔵野大学,,
https://www.musashino-u.ac.jp/guide/information/students.html,学生数（入学者数／在学者数／卒業・修了者数） | 大学案内 | 武蔵野大学,,
https://www.musashino-u.ac.jp/guide/profile,大学紹介 | 大学案内 | 武蔵野大学,,
https://www.musashino-u.ac.jp/guide/activities/industry/index.html,産官学・社会との連携 | 大学案内 | 武蔵野大学,,
https://www.musashino-u.ac.jp/guide/activities,大学の取り組み | 大学案内 | 武蔵野大学,,
https://www.musashino-u.ac.jp/guide/campus,キャンパス | 大学案内 | 武蔵野大学,,
https://www.musashino-u.ac.jp/research/laboratory/happiness_incubation.html,Musashino University Creating Happiness Incubation（武蔵野大学しあわせ研究所） | 研究 | 武蔵野大学,,
https://www.musashino-u.ac.jp/research/laboratory/bukken/index.html,仏教文化研究所 | 研究 | 武蔵野大学,,
https://www.musashino-u.ac.jp/research/laboratory/international_research_institute.html,研究所概要 国際総合研究所 | 研究 | 武蔵野大学,,
https://www.musashino-u.ac.jp/research/laboratory/noh_research_archives.html,能楽資料センター | 研究 | 武蔵野大学,,
https://www.musashino-u.ac.jp/research/laboratory/liberalarts_education.html,教養教育リサーチセンター | 研究 | 武蔵野大学,,
https://www.musashino-u.ac.jp/research/laboratory/literature.html,武蔵野文学館 | 研究 | 武蔵野大学,,
https://www.musashino-u.ac.jp/research/laboratory/japanese_literature.html,日本文学研究所 | 研究 | 武蔵野大学,,
https://www.musashino-u.ac.jp/research/laboratory/global_studies.html,グローバルスタディーズ研究所 | 研究 | 武蔵野大学,,
https://www.musashino-u.ac.jp/research/laboratory/institute_of_Law.html,法学研究所 | 研究 | 武蔵野大学,,
https://www.musashino-u.ac.jp/research/laboratory/institute_of_political_economy.html,政治経済研究所 | 研究 | 武蔵野大学,,
https://www.musashino-u.ac.jp/research/laboratory/research_institute_of_management.html,経営研究所 | 研究 | 武蔵野大学,,
https://www.musashino-u.ac.jp/research/laboratory/entrepreneurship_Institute.html,武蔵野大学アントレプレナーシップ研究所 | 研究 | 武蔵野大学,,
https://www.musashino-u.ac.jp/research/laboratory/clinical_psychology_center.html,心理臨床センター | 研究 | 武蔵野大学,,
https://www.musashino-u.ac.jp/research/laboratory/human_sciences.html,人間科学研究所 | 研究 | 武蔵野大学,,
https://www.musashino-u.ac.jp/research/laboratory/cognitive_behavioral_therapy.html,認知行動療法研究所 | 研究 | 武蔵野大学,,
https://www.musashino-u.ac.jp/research/laboratory/environment.html,サステナビリティ研究所 | 研究 | 武蔵野大学,,
https://www.musashino-u.ac.jp/research/laboratory/mathematical_engineering/index.html,数理工学センター | 研究 | 武蔵野大学,,
https://www.musashino-u.ac.jp/research/laboratory/institute_of_architecture.html,建築研究所 | 研究 | 武蔵野大学,,
https://www.musashino-u.ac.jp/research/laboratory/education_reseach.html,教育学研究所 | 研究 | 武蔵野大学,,
https://www.musashino-u.ac.jp/research/laboratory/pharmacy/index.html,薬学研究所 | 研究 | 武蔵野大学,,
https://www.musashino-u.ac.jp/research/laboratory/center_for_clinical_pharmacy.html,臨床薬学センター | 研究 | 武蔵野大学,,
https://www.musashino-u.ac.jp/research/laboratory/research_center_for_pharmaceutical_education.html,薬学キャリア教育研究センター | 研究 | 武蔵野大学,,
https://www.musashino-u.ac.jp/research/laboratory/nursing.html,看護学研究所 | 研究 | 武蔵野大学,,
https://www.musashino-u.ac.jp/research/laboratory/education.html,教職センター | 研究 | 武蔵野大学,,
https://www.musashino-u.ac.jp/international/international-center/index.html,国際センター紹介 | 国際交流・留学 | 武蔵野大学,,
https://www.musashino-u.ac.jp/guide/facility/laungage_center.html,武蔵野大学ランゲージセンター | 大学案内 | 武蔵野大学,,
https://www.musashino-u.ac.jp/guide/facility/MUSIC_center/index.html,武蔵野大学スマートインテリジェンスセンター(MUSIC) | 大学案内 | 武蔵野大学,,
https://www.musashino-u.ac.jp/student-life/career/index.html,就職・キャリア支援 | 学生生活・就職 | 武蔵野大学,,
https://www.musashino-u.ac.jp/guide/facility,附置機関・センター・附属施設 | 大学案内 | 武蔵野大学,,
https://www.musashino-u.ac.jp/student-life/learning/course/,履修案内 | 学生生活・就職 | 武蔵野大学,,
https://www.musashino-u.ac.jp/guide/campus/index.html,キャンパス | 大学案内 | 武蔵野大学,,
https://www.musashino-u.ac.jp/research/laboratory/index.html,研究所・研究室・センター | 研究 | 武蔵野大学,,
https://www.musashino-u.ac.jp/guide/facility/index.html,附置機関・センター・附属施設 | 大学案内 | 武蔵野大学,,
https://www.musashino-u.ac.jp/research/ethics/index.html,研究倫理教育 | 研究 | 武蔵野大学,,
https://www.musashino-u.ac.jp/academics/graduate_school/dissertation/index.html,博士学位論文 | 学部・大学院 | 武蔵野大学,,
https://www.musashino-u.ac.jp/student-life/fees/fees/advanced_course.html,学費（専攻科（言語聴覚士養成課程）） | 学生生活・就職 | 武蔵野大学,,
https://www.musashino-u.ac.jp/student-life/life/dormitory/index.html,住まい | 学生生活・就職 | 武蔵野大学,,
https://www.musashino-u.ac.jp/student-life/learning/consideration.html,障害のある学生等への合理的配慮について | 学生生活・就職 | 武蔵野大学,,
https://www.musashino-u.ac.jp/international/index.html,国際交流・留学 | 武蔵野大学,,
https://www.musashino-u.ac.jp/international/international-center/school-list01.html,海外協定校 | 国際交流・留学 | 武蔵野大学,,
https://www.musashino-u.ac.jp/international/international-center/index_1.html,留学派遣者数・留学生数 | 国際交流・留学 | 武蔵野大学,,
https://www.musashino-u.ac.jp/student-life/life/dormitory/kasai.html,学生寮　葛西国際寮 | 学生生活・就職 | 武蔵野大学,,
https://www.musashino-u.ac.jp/student-life/career/qualification/,資格取得支援 | 学生生活・就職 | 武蔵野大学,,
https://www.musashino-u.ac.jp/student-life/life/infirmary/index.html,大学保健室 | 学生生活・就職 | 武蔵野大学,,
https://www.musashino-u.ac.jp/student-life/life/counseling_room/index.html,学生相談室 | 学生生活・就職 | 武蔵野大学,,
https://www.musashino-u.ac.jp/student-life/index.html,学生生活・就職 | 武蔵野大学,,
https://www.musashino-u.ac.jp/guide/information/external_evaluation.html,外部評価 | 大学案内 | 武蔵野大学,,
https://www.musashino-u.ac.jp/research/ethics/funds.html,研究機関の管理・監査 | 研究 | 武蔵野大学,,
https://www.musashino-u.ac.jp/guide/information,情報公開 | 大学案内 | 武蔵野大学,,
https://www.musashino-u.ac.jp/guide/profile/media,メディア | 大学案内 | 武蔵野大学,,
https://www.musashino-u.ac.jp/news/2025/?category=入試情報,ニュース  | 武蔵野大学,,
https://www.musashino-u.ac.jp/admission/faculty/detail/musashino_scholarship.html,総合型選抜II期(基礎学力型・奨学金対象) | 入試情報 | 武蔵野大学,,
https://www.musashino-u.ac.jp/event/?category=入試情報,イベント | 武蔵野大学,,
https://www.musashino-u.ac.jp/admission/short_term_course/index.html,別科 | 入試情報 | 武蔵野大学,,
https://www.musashino-u.ac.jp/admission/faculty,学部 入試情報 | 入試情報 | 武蔵野大学,,
https://www.musashino-u.ac.jp/news/category.php?category_tag=学部入試情報,ニュース  | 武蔵野大学,,
https://www.musashino-u.ac.jp/admission/faculty/detail/index.html,入試制度 | 入試情報 | 武蔵野大学,,
https://www.musashino-u.ac.jp/admission/faculty/point/tuition_exemption_program.html,申請型奨学金制度 | 入試情報 | 武蔵野大学,,
https://www.musashino-u.ac.jp/admission/faculty/point/2050_bursary.html,武蔵野大学予約型奨学金制度「2050年のあなたへ。奨学金」 | 入試情報 | 武蔵野大学,,
https://www.musashino-u.ac.jp/admission/faculty/point/utilize_english.html,英語外部検定活用方式 | 入試情報 | 武蔵野大学,,
https://www.musashino-u.ac.jp/admission/faculty/point/applying.html,学内併願 | 入試情報 | 武蔵野大学,,
https://www.musashino-u.ac.jp/admission/faculty/point/fee_discount.html,検定料割引制度 | 入試情報 | 武蔵野大学,,
https://www.musashino-u.ac.jp/admission/faculty/point/application_package.html,パック出願 | 入試情報 | 武蔵野大学,,
https://www.musashino-u.ac.jp/admission/faculty/point/two-step_procedure.html,２段階手続（分納・延納手続） | 入試情報 | 武蔵野大学,,
https://www.musashino-u.ac.jp/student-life/fees/scholarship/faculty_study_support.html,高等教育の修学支援制度 | 学生生活・就職 | 武蔵野大学,,
https://www.musashino-u.ac.jp/admission/international_students,留学生 入試情報 | 入試情報 | 武蔵野大学,,
https://www.musashino-u.ac.jp/news/category.php?category_tag=留学生入試情報,ニュース  | 武蔵野大学,,
https://www.musashino-u.ac.jp/admission/graduate_school,大学院 入試情報 | 入試情報 | 武蔵野大学,,
https://www.musashino-u.ac.jp/news/category.php?category_tag=大学院入試情報,ニュース  | 武蔵野大学,,
https://www.musashino-u.ac.jp/academics/graduate_school/course/law/interview/interview04.html,法学研究科 ビジネス法務専攻 研究科長インタビュー | 学部・大学院 | 武蔵野大学,,
https://www.musashino-u.ac.jp/admission/graduate_school/interview/interview03.html,人間社会研究科 人間学専攻 臨床心理学コース　教授インタビュー | 入試情報 | 武蔵野大学,,
https://www.musashino-u.ac.jp/admission/advanced_course,専攻科 入試情報 | 入試情報 | 武蔵野大学,,
https://www.musashino-u.ac.jp/admission/advanced_course/st.html,404 Page not found | 武蔵野大学,,
https://www.musashino-u.ac.jp/admission/short_term_course,別科 | 入試情報 | 武蔵野大学,,
https://www.musashino-u.ac.jp/admission/event,入試イベント | 入試情報 | 武蔵野大学,,
https://www.musashino-u.ac.jp/admission/faq,入試Q＆A | 入試情報 | 武蔵野大学,,
https://www.musashino-u.ac.jp/index.html,武蔵野大学,,
https://www.musashino-u.ac.jp/admission/download,入学試験要項・出願書類 | 入試情報 | 武蔵野大学,,
https://www.musashino-u.ac.jp/basic/initial/index.html,武蔵野INITIAL | 武蔵野大学,,
https://www.musashino-u.ac.jp/basic/buddhist_studies/index.html,副専攻（仏教プラクティスコース） | 武蔵野大学,,
https://www.musashino-u.ac.jp/student-life/muscat/adviser/,アドバイザーについて | 学生生活・就職 | 武蔵野大学,,
https://www.musashino-u.ac.jp/basic/fiveyear/,５年一貫プログラム | 武蔵野大学,,
https://www.musashino-u.ac.jp/academics/faculty/literature/,文学部 | 学部・大学院 | 武蔵野大学,,
https://www.musashino-u.ac.jp/academics/faculty/global_studies/global_business/,グローバルビジネス学科 | 学部・大学院 | 武蔵野大学,,
https://www.musashino-u.ac.jp/academics/faculty/law/,法学部 | 学部・大学院 | 武蔵野大学,,
https://www.musashino-u.ac.jp/academics/faculty/law/law/,法律学科 | 学部・大学院 | 武蔵野大学,,
https://www.musashino-u.ac.jp/academics/faculty/law/political_science/,政治学科 | 学部・大学院 | 武蔵野大学,,
https://www.musashino-u.ac.jp/academics/faculty/economics/,経済学部 | 学部・大学院 | 武蔵野大学,,
https://www.musashino-u.ac.jp/academics/faculty/economics/economics/,経済学科 | 学部・大学院 | 武蔵野大学,,
https://www.musashino-u.ac.jp/academics/faculty/business_administration/,経営学部 | 学部・大学院 | 武蔵野大学,,
https://www.musashino-u.ac.jp/academics/faculty/business_administration/business_administration/,経営学科 | 学部・大学院 | 武蔵野大学,,
https://www.musashino-u.ac.jp/academics/faculty/business_administration/accounting_and_governance/,会計ガバナンス学科 | 学部・大学院 | 武蔵野大学,,
https://www.musashino-u.ac.jp/academics/faculty/entrepreneurship/,アントレプレナーシップ学部 | 学部・大学院 | 武蔵野大学,,
